{"cameraMode":{"drawMode":0,"name":"Shaded","section":"Shading Mode"},"sceneLighting":true,"audioPlay":false,"sceneViewState":{"showFog":true,"showMaterialUpdate":false,"showSkybox":true,"showFlares":true,"showImageEffects":true,"showParticleSystems":true,"showVisualEffectGraphs":true,"m_FxEnabled":true},"in2DMode":false,"pivot":{"x":3.8961610794067385,"y":0.07017426192760468,"z":19.950130462646486},"rotation":{"x":0.06561045348644257,"y":-0.03829816356301308,"z":0.0029861824586987497,"w":0.9973320960998535},"size":11.280656814575196,"orthographic":false}