{"cameraMode":{"drawMode":0,"name":"Shaded","section":"Shading Mode"},"sceneLighting":true,"audioPlay":false,"sceneViewState":{"showFog":true,"showMaterialUpdate":false,"showSkybox":true,"showFlares":true,"showImageEffects":true,"showParticleSystems":true,"showVisualEffectGraphs":true,"m_FxEnabled":true},"in2DMode":false,"pivot":{"x":10.295974731445313,"y":4.797048091888428,"z":20.909502029418947},"rotation":{"x":-0.0319037139415741,"y":0.10922747105360031,"z":0.003513733157888055,"w":0.9935159087181091},"size":26.302343368530275,"orthographic":false}