{"cameraMode":{"drawMode":0,"name":"Shaded","section":"Shading Mode"},"sceneLighting":true,"audioPlay":false,"sceneViewState":{"showFog":true,"showMaterialUpdate":false,"showSkybox":true,"showFlares":true,"showImageEffects":true,"showParticleSystems":true,"showVisualEffectGraphs":true,"m_FxEnabled":true},"in2DMode":false,"pivot":{"x":2.688417673110962,"y":-4.308113098144531,"z":20.9116268157959},"rotation":{"x":0.10719077289104462,"y":0.007457926403731108,"z":-0.0008015477797016501,"w":0.9942246079444885},"size":14.99896240234375,"orthographic":false}