{"cameraMode":{"drawMode":0,"name":"Shaded","section":"Shading Mode"},"sceneLighting":true,"audioPlay":false,"sceneViewState":{"showFog":true,"showMaterialUpdate":false,"showSkybox":true,"showFlares":true,"showImageEffects":true,"showParticleSystems":true,"showVisualEffectGraphs":true,"m_FxEnabled":true},"in2DMode":false,"pivot":{"x":4.640920639038086,"y":1.8750051259994507,"z":-0.044078826904296878},"rotation":{"x":0.09827876091003418,"y":-0.33073538541793826,"z":0.034654535353183749,"w":0.9379589557647705},"size":2.239816904067993,"orthographic":false}